name,version,file_version,exp,treatment,aperture_deg,density,dot_diam_deg,dot_speed_declared,effective_speed_deg_s,coherence,interleaved_sets,fixation_ms,face_ms,test_ms,trials_per_condition,centerY,border,speed_interleave_fix,random_motion,eyes_condition_logging,face_direction_logging,condition_payload
v1.0_bars_20251106_c94b3c4b.html,1.0,1.1,bars,bars,5,50,0.05,2,0.6666666666666666,0.40,3,1500,,2000,,Math.floor(height / 2),yes,no,random dots move,not saved,not saved,condition not saved
v1.3_face_20251113_09cc7f9e.html,1.3,1.3,face,faces,5,50,0.05,2,0.6666666666666666,0.40,3,1500,1500,2000,10,height / 2,yes,no,fixed random dots,eyesOpen saved,not saved,condition not saved
v1.4_face_20251202_1e63ee4d.html,1.4,1.4,face,faces,5,16,0.05,2.4,0.7999999999999999,0.40,3,1500,1500,1000,12,Math.floor(height / 2) - 50,yes,no,fixed random dots,eyesOpen saved,not saved,condition not saved
v1.5_face_20260127_80bc853a.html,1.5,1.5,face,faces,5,16,0.05,2.4,0.7999999999999999,0.30,3,1500,1500,2000,60,Math.floor(height / 2) - 75,yes,no,random dots move,eyesOpen saved,not saved,condition not saved
v1.6_face_20260129_5fc4016a.html,1.6,1.5,face,faces,5,16,0.05,2.4,0.7999999999999999,0.40,3,1500,1500,2000,30,Math.floor(height / 2) - 75,yes,no,random dots move,eyesOpen saved,not saved,condition not saved
v1.7_face_20260210_3dfd9f11.html,1.7,1.5,face,faces,5,16,0.05,2.4,0.7999999999999999,0.40,3,1500,1500,2000,30,Math.floor(height / 2) - 75,yes,no,random dots move,eyesOpen saved,not saved,condition not saved
v1.8.6_face_20260303_5a9f1c48.html,1.8.6,1.8.6,face,faces_towards_away_catch,5,40,0.035,3.0,1.0,0.40,3,1500,1500,2000,30,Math.floor(height / 2),no,no,random dots move,not saved,face_direction saved,condition not saved
v1.9.2_face_20260329_7933c056.html,1.9.2,1.9.2,face,faces_towards_away_catch,5,50,0.05,2.0,2.0,0.40,3,1500,1500,2000,30,Math.floor(height / 2),no,yes,random dots move,not saved,face_direction saved,condition not saved
v1.10_face_20260414_61709a94.html,1.10,1.10,face,blindfold_centered_catch,5,50,0.05,2.0,2.0,0.40,3,1500,1500,2000,,Math.floor(height / 2),no,yes,random dots move,condition saved,face_direction saved,trial condition saved
